complaint,status,age,monthly_charges,tenure
3.0,1,0.0,50.0,0
0.0,0,0.0,7.5,2
1.0,0,0.0,43.333335,14
0.0,1,0.0,40.0,3
5.0,1,0.0,6.500000025,7
3.0,0,1.0,6.500000025,11
6.0,1,0.0,50.0,24
2.0,0,1.0,50.0,19
1.0,1,0.0,6.500000025,3
4.0,1,0.0,57.5,22
